<?xml version="1.0" encoding="utf-8"?>
<!--/564865/1686337/2.50/2/4/Connector/-->
<quadcept_library>
  <setting unit="mil" />
  <textstyle name="Default" height="47.244094488189" strokewidth="7.8740157480315" charwidth="47.244094488189" />
  <textstyle name="Dimension" height="19.6850393700787" strokewidth="0" charwidth="19.6850393700787" />
  <textstyle name="H127W0635TH00762" height="50" strokewidth="3" charwidth="25" />
  <textstyle name="H15W15TH02" height="59.0551181102362" strokewidth="7.8740157480315" charwidth="59.0551181102362" />
  <padstyle name="s120_h70" surface="False" plated="True" isvia="False" nopaste="True" nomask="True" complex="False" holesize="27.55905511811">
    <padshape layer="TOP" shape="square" width="47.244094488188" height="47.244094488188" />
    <padshape layer="TOP_SOLDER_MASK" shape="square" width="55.11811023622" height="55.11811023622" />
    <padshape layer="INNER" shape="square" width="47.244094488188" height="47.244094488188" />
    <padshape layer="BOTTOM" shape="square" width="47.244094488188" height="47.244094488188" />
    <padshape layer="BOTTOM_SOLDER_MASK" shape="square" width="55.11811023622" height="55.11811023622" />
  </padstyle>
  <padstyle name="c120_h70" surface="False" plated="True" isvia="False" nopaste="True" nomask="True" complex="False" holesize="27.55905511811">
    <padshape layer="TOP" shape="round" width="47.244094488188" height="47.244094488188" />
    <padshape layer="TOP_SOLDER_MASK" shape="round" width="55.11811023622" height="55.11811023622" />
    <padshape layer="INNER" shape="round" width="47.244094488188" height="47.244094488188" />
    <padshape layer="BOTTOM" shape="round" width="47.244094488188" height="47.244094488188" />
    <padshape layer="BOTTOM_SOLDER_MASK" shape="round" width="55.11811023622" height="55.11811023622" />
  </padstyle>
  <footprint name="B02BPASKLFSN" originx="0" originy="0" pickpointx="0" pickpointy="0">
    <pcbpin number="1" name="1" style="s120_h70" originx="0" originy="0" rotation="90" />
    <pcbpin number="2" name="2" style="c120_h70" originx="-78.740157480314" originy="0" rotation="90" />
    <line layer="TOP_ASSEMBLY" originx="-157.48031496063" originy="104.33070866142" endx="78.740157480314" endy="104.33070866142" width="7.8740157480314" />
    <line layer="TOP_ASSEMBLY" originx="78.740157480314" originy="104.33070866142" endx="78.740157480314" endy="-104.33070866142" width="7.8740157480314" />
    <line layer="TOP_ASSEMBLY" originx="78.740157480314" originy="-104.33070866142" endx="-157.48031496063" endy="-104.33070866142" width="7.8740157480314" />
    <line layer="TOP_ASSEMBLY" originx="-157.48031496063" originy="-104.33070866142" endx="-157.48031496063" endy="104.33070866142" width="7.8740157480314" />
    <line layer="TOP_SILKSCREEN" originx="-157.48031496063" originy="104.33070866142" endx="78.740157480314" endy="104.33070866142" width="3.9370078740157" />
    <line layer="TOP_SILKSCREEN" originx="78.740157480314" originy="104.33070866142" endx="78.740157480314" endy="-104.33070866142" width="3.9370078740157" />
    <line layer="TOP_SILKSCREEN" originx="78.740157480314" originy="-104.33070866142" endx="-157.48031496063" endy="-104.33070866142" width="3.9370078740157" />
    <line layer="TOP_SILKSCREEN" originx="-157.48031496063" originy="-104.33070866142" endx="-157.48031496063" endy="104.33070866142" width="3.9370078740157" />
    <line layer="TOP_PLACE_BOUND" originx="-196.85039370078" originy="143.70078740157" endx="165.35433070866" endy="143.70078740157" width="3.9370078740157" />
    <line layer="TOP_PLACE_BOUND" originx="165.35433070866" originy="143.70078740157" endx="165.35433070866" endy="-143.70078740157" width="3.9370078740157" />
    <line layer="TOP_PLACE_BOUND" originx="165.35433070866" originy="-143.70078740157" endx="-196.85039370078" endy="-143.70078740157" width="3.9370078740157" />
    <line layer="TOP_PLACE_BOUND" originx="-196.85039370078" originy="-143.70078740157" endx="-196.85039370078" endy="143.70078740157" width="3.9370078740157" />
    <line layer="TOP_SILKSCREEN" originx="118.11023622047" originy="0" endx="118.11023622047" endy="0" width="7.8740157480314" />
    <arc layer="TOP_SILKSCREEN" originx="122.04724409449" originy="0" startangle="-180.0" sweepangle="180.0" radius="3.9370078740157" width="7.8740157480314" />
    <line layer="TOP_SILKSCREEN" originx="125.9842519685" originy="0" endx="125.9842519685" endy="0" width="7.8740157480314" />
    <arc layer="TOP_SILKSCREEN" originx="122.04724409449" originy="0" startangle=".0" sweepangle="180.0" radius="3.9370078740157" width="7.8740157480314" />
  </footprint>
  <symbol name="B02B-PASK_LF__SN_" originx="0" originy="0">
    <line originx="200" originy="100" endx="600" endy="100" width="0" />
    <line originx="600" originy="-200" endx="600" endy="100" width="0" />
    <line originx="600" originy="-200" endx="200" endy="-200" width="0" />
    <line originx="200" originy="100" endx="200" endy="-200" width="0" />
    <sympin number="1" originx="200" originy="-100" rotation="180" length="100" width="7.8740157480315" flipped="False">
      <text name="pinname" originx="230" originy="-100" style="Default" rotation="0" justify="left" flipped="False" hidden="False" data="1" />
      <text name="pindes" originx="140" originy="-80" style="Default" rotation="0" justify="lowerright" flipped="False" hidden="False" data="1" />
    </sympin>
    <sympin number="2" originx="200" originy="0" rotation="180" length="100" width="7.8740157480315" flipped="False">
      <text name="pinname" originx="230" originy="0" style="Default" rotation="0" justify="left" flipped="False" hidden="False" data="2" />
      <text name="pindes" originx="140" originy="20" style="Default" rotation="0" justify="lowerright" flipped="False" hidden="False" data="2" />
    </sympin>
  </symbol>
  <component name="B02B-PASK_LF__SN_" designatorprefix="J" height="303.14960629921" footprint="B02BPASKLFSN">
    <comppin designator="1" sympin="1" pinswap="0" gateswap="0" gate="1" group="1" side="" type="Any" name="1" />
    <comppin designator="2" sympin="2" pinswap="0" gateswap="0" gate="1" group="1" side="" type="Any" name="2" />
    <attached_symbol gate="1" name="B02B-PASK_LF__SN_" />
    <pinmap designator="1" footprintpin="1" />
    <pinmap designator="2" footprintpin="2" />
    <text name="Datasheet" originx="0" originy="0" style="Default" rotation="0" justify="" flipped="False" hidden="True" data="https://datasheet.datasheetarchive.com/originals/dk/DKDS41/DSANUWW0025340.pdf" />
    <text name="Description" originx="0" originy="0" style="Default" rotation="0" justify="" flipped="False" hidden="True" data="CONN HEADER VERT 2POS 2MM" />
    <text name="Manufacturer_Name" originx="0" originy="0" style="Default" rotation="0" justify="" flipped="False" hidden="True" data="JST (JAPAN SOLDERLESS TERMINALS)" />
    <text name="Manufacturer_Part_Number" originx="650" originy="200" style="Default" rotation="0" justify="left" flipped="False" hidden="False" data="B02B-PASK(LF)(SN)" />
    <text name="Mouser Part Number" originx="0" originy="0" style="Default" rotation="0" justify="" flipped="False" hidden="True" data="306-B02BPASKLFSN" />
    <text name="Mouser Price/Stock" originx="0" originy="0" style="Default" rotation="0" justify="" flipped="False" hidden="True" data="https://www.mouser.co.uk/ProductDetail/JST-Commercial/B02B-PASKLFSN?qs=QpmGXVUTftHnV4RF3PfMgg%3D%3D" />
    <text name="Arrow Part Number" originx="0" originy="0" style="Default" rotation="0" justify="" flipped="False" hidden="True" data="B02B-PASK(LF)(SN)" />
    <text name="Arrow Price/Stock" originx="0" originy="0" style="Default" rotation="0" justify="" flipped="False" hidden="True" data="https://www.arrow.com/en/products/b02b-pask-lf-sn/jst-manufacturing?utm_currency=USD&amp;region=europe" />
  </component>
</quadcept_library>
