<?xml version="1.0" encoding="utf-8"?>
<!--/17463720/1686337/2.50/8/3/Switch/-->
<quadcept_library>
  <setting unit="mil" />
  <textstyle name="Default" height="47.244094488189" strokewidth="7.8740157480315" charwidth="47.244094488189" />
  <textstyle name="Dimension" height="19.6850393700787" strokewidth="0" charwidth="19.6850393700787" />
  <textstyle name="H127W0635TH00762" height="50" strokewidth="3" charwidth="25" />
  <textstyle name="H15W15TH02" height="59.0551181102362" strokewidth="7.8740157480315" charwidth="59.0551181102362" />
  <padstyle name="c136.5_h84" surface="False" plated="True" isvia="False" nopaste="True" nomask="True" complex="False" holesize="33.070866141732">
    <padshape layer="TOP" shape="round" width="53.740157480314" height="53.740157480314" />
    <padshape layer="TOP_SOLDER_MASK" shape="round" width="61.614173228346" height="61.614173228346" />
    <padshape layer="INNER" shape="round" width="53.740157480314" height="53.740157480314" />
    <padshape layer="BOTTOM" shape="round" width="53.740157480314" height="53.740157480314" />
    <padshape layer="BOTTOM_SOLDER_MASK" shape="round" width="61.614173228346" height="61.614173228346" />
  </padstyle>
  <padstyle name="s136.5_h84" surface="False" plated="True" isvia="False" nopaste="True" nomask="True" complex="False" holesize="33.070866141732">
    <padshape layer="TOP" shape="square" width="53.740157480314" height="53.740157480314" />
    <padshape layer="TOP_SOLDER_MASK" shape="square" width="61.614173228346" height="61.614173228346" />
    <padshape layer="INNER" shape="square" width="53.740157480314" height="53.740157480314" />
    <padshape layer="BOTTOM" shape="square" width="53.740157480314" height="53.740157480314" />
    <padshape layer="BOTTOM_SOLDER_MASK" shape="square" width="61.614173228346" height="61.614173228346" />
  </padstyle>
  <padstyle name="c198_h132" surface="False" plated="True" isvia="False" nopaste="True" nomask="True" complex="False" holesize="51.968503937007">
    <padshape layer="TOP" shape="round" width="77.952755905511" height="77.952755905511" />
    <padshape layer="TOP_SOLDER_MASK" shape="round" width="85.826771653542" height="85.826771653542" />
    <padshape layer="INNER" shape="round" width="77.952755905511" height="77.952755905511" />
    <padshape layer="BOTTOM" shape="round" width="77.952755905511" height="77.952755905511" />
    <padshape layer="BOTTOM_SOLDER_MASK" shape="round" width="85.826771653542" height="85.826771653542" />
  </padstyle>
  <footprint name="SS22E01G5HAG" originx="0" originy="0" pickpointx="0" pickpointy="0">
    <pcbpin number="1" name="1" style="s136.5_h84" originx="0" originy="0" rotation="90" />
    <pcbpin number="2" name="2" style="c136.5_h84" originx="98.425196850392" originy="0" rotation="90" />
    <pcbpin number="3" name="3" style="c136.5_h84" originx="196.85039370078" originy="0" rotation="90" />
    <pcbpin number="4" name="4" style="c136.5_h84" originx="0" originy="98.425196850392" rotation="90" />
    <pcbpin number="5" name="5" style="c136.5_h84" originx="98.425196850392" originy="98.425196850392" rotation="90" />
    <pcbpin number="6" name="6" style="c136.5_h84" originx="196.85039370078" originy="98.425196850392" rotation="90" />
    <pcbpin number="7" name="MH1" style="c198_h132" originx="-108.26771653543" originy="49.212598425196" rotation="90" />
    <pcbpin number="8" name="MH2" style="c198_h132" originx="305.11811023622" originy="49.212598425196" rotation="90" />
    <line layer="TOP_ASSEMBLY" originx="-118.11023622047" originy="-70.866141732283" endx="314.96062992126" endy="-70.866141732283" width="3.9370078740157" />
    <line layer="TOP_ASSEMBLY" originx="314.96062992126" originy="-70.866141732283" endx="314.96062992126" endy="169.29133858268" width="3.9370078740157" />
    <line layer="TOP_ASSEMBLY" originx="314.96062992126" originy="169.29133858268" endx="-118.11023622047" endy="169.29133858268" width="3.9370078740157" />
    <line layer="TOP_ASSEMBLY" originx="-118.11023622047" originy="169.29133858268" endx="-118.11023622047" endy="-70.866141732283" width="3.9370078740157" />
    <line layer="TOP_PLACE_BOUND" originx="-186.61417322834" originy="208.66141732283" endx="383.46456692913" endy="208.66141732283" width="3.9370078740157" />
    <line layer="TOP_PLACE_BOUND" originx="383.46456692913" originy="208.66141732283" endx="383.46456692913" endy="-110.23622047244" width="3.9370078740157" />
    <line layer="TOP_PLACE_BOUND" originx="383.46456692913" originy="-110.23622047244" endx="-186.61417322834" endy="-110.23622047244" width="3.9370078740157" />
    <line layer="TOP_PLACE_BOUND" originx="-186.61417322834" originy="-110.23622047244" endx="-186.61417322834" endy="208.66141732283" width="3.9370078740157" />
    <line layer="TOP_SILKSCREEN" originx="-118.11023622047" originy="98.425196850392" endx="-118.11023622047" endy="169.29133858268" width="7.8740157480314" />
    <line layer="TOP_SILKSCREEN" originx="-118.11023622047" originy="169.29133858268" endx="314.96062992126" endy="169.29133858268" width="7.8740157480314" />
    <line layer="TOP_SILKSCREEN" originx="314.96062992126" originy="169.29133858268" endx="314.96062992126" endy="98.425196850392" width="7.8740157480314" />
    <line layer="TOP_SILKSCREEN" originx="314.96062992126" originy="0" endx="314.96062992126" endy="-70.866141732283" width="7.8740157480314" />
    <line layer="TOP_SILKSCREEN" originx="314.96062992126" originy="-70.866141732283" endx="-118.11023622047" endy="-70.866141732283" width="7.8740157480314" />
    <line layer="TOP_SILKSCREEN" originx="-118.11023622047" originy="-70.866141732283" endx="-118.11023622047" endy="0" width="7.8740157480314" />
    <line layer="TOP_SILKSCREEN" originx="0" originy="-98.425196850392" endx="0" endy="-98.425196850392" width="3.9370078740157" />
    <arc layer="TOP_SILKSCREEN" originx="1.6391087961985E-15" originy="-96.456692913385" startangle="-90.0" sweepangle="180.0" radius="1.9685039370079" width="3.9370078740157" />
    <line layer="TOP_SILKSCREEN" originx="0" originy="-94.488188976377" endx="0" endy="-94.488188976377" width="3.9370078740157" />
    <arc layer="TOP_SILKSCREEN" originx="1.6391087961985E-15" originy="-96.456692913385" startangle="90.0" sweepangle="180.0" radius="1.9685039370079" width="3.9370078740157" />
  </footprint>
  <symbol name="SS22E01G5-HA-G" originx="0" originy="0">
    <line originx="200" originy="500" endx="800" endy="500" width="0" />
    <line originx="800" originy="-500" endx="800" endy="500" width="0" />
    <line originx="800" originy="-500" endx="200" endy="-500" width="0" />
    <line originx="200" originy="500" endx="200" endy="-500" width="0" />
    <sympin number="1" originx="400" originy="-500" rotation="270" length="100" width="7.8740157480315" flipped="False">
      <text name="pinname" originx="400" originy="-470" style="Default" rotation="0" justify="left" flipped="False" hidden="False" data="NC_1" />
      <text name="pindes" originx="380" originy="-560" style="Default" rotation="0" justify="lowerright" flipped="False" hidden="False" data="1" />
    </sympin>
    <sympin number="2" originx="500" originy="-500" rotation="270" length="100" width="7.8740157480315" flipped="False">
      <text name="pinname" originx="500" originy="-470" style="Default" rotation="0" justify="left" flipped="False" hidden="False" data="COM_1" />
      <text name="pindes" originx="480" originy="-560" style="Default" rotation="0" justify="lowerright" flipped="False" hidden="False" data="2" />
    </sympin>
    <sympin number="3" originx="600" originy="-500" rotation="270" length="100" width="7.8740157480315" flipped="False">
      <text name="pinname" originx="600" originy="-470" style="Default" rotation="0" justify="left" flipped="False" hidden="False" data="NO_1" />
      <text name="pindes" originx="580" originy="-560" style="Default" rotation="0" justify="lowerright" flipped="False" hidden="False" data="3" />
    </sympin>
    <sympin number="4" originx="400" originy="500" rotation="90" length="100" width="7.8740157480315" flipped="False">
      <text name="pinname" originx="400" originy="470" style="Default" rotation="0" justify="right" flipped="False" hidden="False" data="NC_2" />
      <text name="pindes" originx="380" originy="560" style="Default" rotation="0" justify="lowerleft" flipped="False" hidden="False" data="4" />
    </sympin>
    <sympin number="5" originx="500" originy="500" rotation="90" length="100" width="7.8740157480315" flipped="False">
      <text name="pinname" originx="500" originy="470" style="Default" rotation="0" justify="right" flipped="False" hidden="False" data="COM_2" />
      <text name="pindes" originx="480" originy="560" style="Default" rotation="0" justify="lowerleft" flipped="False" hidden="False" data="5" />
    </sympin>
    <sympin number="6" originx="600" originy="500" rotation="90" length="100" width="7.8740157480315" flipped="False">
      <text name="pinname" originx="600" originy="470" style="Default" rotation="0" justify="right" flipped="False" hidden="False" data="NO_2" />
      <text name="pindes" originx="580" originy="560" style="Default" rotation="0" justify="lowerleft" flipped="False" hidden="False" data="6" />
    </sympin>
    <sympin number="7" originx="200" originy="0" rotation="180" length="100" width="7.8740157480315" flipped="False">
      <text name="pinname" originx="230" originy="0" style="Default" rotation="0" justify="left" flipped="False" hidden="False" data="MH1" />
      <text name="pindes" originx="140" originy="20" style="Default" rotation="0" justify="lowerright" flipped="False" hidden="False" data="MH1" />
    </sympin>
    <sympin number="8" originx="800" originy="0" rotation="0" length="100" width="7.8740157480315" flipped="False">
      <text name="pinname" originx="770" originy="0" style="Default" rotation="0" justify="right" flipped="False" hidden="False" data="MH2" />
      <text name="pindes" originx="860" originy="20" style="Default" rotation="0" justify="lowerleft" flipped="False" hidden="False" data="MH2" />
    </sympin>
  </symbol>
  <component name="SS22E01G5-HA-G" designatorprefix="S" height="413.38582677165" footprint="SS22E01G5HAG">
    <comppin designator="1" sympin="1" pinswap="0" gateswap="0" gate="1" group="1" side="" type="Any" name="NC_1" />
    <comppin designator="2" sympin="2" pinswap="0" gateswap="0" gate="1" group="1" side="" type="Any" name="COM_1" />
    <comppin designator="3" sympin="3" pinswap="0" gateswap="0" gate="1" group="1" side="" type="Any" name="NO_1" />
    <comppin designator="4" sympin="4" pinswap="0" gateswap="0" gate="1" group="1" side="" type="Any" name="NC_2" />
    <comppin designator="5" sympin="5" pinswap="0" gateswap="0" gate="1" group="1" side="" type="Any" name="COM_2" />
    <comppin designator="6" sympin="6" pinswap="0" gateswap="0" gate="1" group="1" side="" type="Any" name="NO_2" />
    <comppin designator="MH1" sympin="7" pinswap="0" gateswap="0" gate="1" group="1" side="" type="Any" name="MH1" />
    <comppin designator="MH2" sympin="8" pinswap="0" gateswap="0" gate="1" group="1" side="" type="Any" name="MH2" />
    <attached_symbol gate="1" name="SS22E01G5-HA-G" />
    <pinmap designator="1" footprintpin="1" />
    <pinmap designator="2" footprintpin="2" />
    <pinmap designator="3" footprintpin="3" />
    <pinmap designator="4" footprintpin="4" />
    <pinmap designator="5" footprintpin="5" />
    <pinmap designator="6" footprintpin="6" />
    <pinmap designator="MH1" footprintpin="7" />
    <pinmap designator="MH2" footprintpin="8" />
    <text name="Datasheet" originx="0" originy="0" style="Default" rotation="0" justify="" flipped="False" hidden="True" data="https://akizukidenshi.com/download/ds/switronic/SS22E01G5-HA-G.PDF" />
    <text name="Description" originx="0" originy="0" style="Default" rotation="0" justify="" flipped="False" hidden="True" data="slide switch 0.5A 50VDC DPDT" />
    <text name="Manufacturer_Name" originx="0" originy="0" style="Default" rotation="0" justify="" flipped="False" hidden="True" data="Switronic" />
    <text name="Manufacturer_Part_Number" originx="850" originy="600" style="Default" rotation="0" justify="left" flipped="False" hidden="False" data="SS22E01G5-HA-G" />
    <text name="Mouser Part Number" originx="0" originy="0" style="Default" rotation="0" justify="" flipped="False" hidden="True" data="" />
    <text name="Mouser Price/Stock" originx="0" originy="0" style="Default" rotation="0" justify="" flipped="False" hidden="True" data="" />
    <text name="Arrow Part Number" originx="0" originy="0" style="Default" rotation="0" justify="" flipped="False" hidden="True" data="" />
    <text name="Arrow Price/Stock" originx="0" originy="0" style="Default" rotation="0" justify="" flipped="False" hidden="True" data="" />
  </component>
</quadcept_library>
