<?xml version="1.0" encoding="utf-8"?>
<!--/458103/1686337/2.50/8/3/Integrated Circuit/-->
<quadcept_library>
  <setting unit="mil" />
  <textstyle name="Default" height="47.244094488189" strokewidth="7.8740157480315" charwidth="47.244094488189" />
  <textstyle name="Dimension" height="19.6850393700787" strokewidth="0" charwidth="19.6850393700787" />
  <textstyle name="H127W0635TH00762" height="50" strokewidth="3" charwidth="25" />
  <textstyle name="H15W15TH02" height="59.0551181102362" strokewidth="7.8740157480315" charwidth="59.0551181102362" />
  <padstyle name="c115.8_h75.8" surface="False" plated="True" isvia="False" nopaste="True" nomask="True" complex="False" holesize="29.842519685039">
    <padshape layer="TOP" shape="round" width="45.590551181102" height="45.590551181102" />
    <padshape layer="TOP_SOLDER_MASK" shape="round" width="53.464566929133" height="53.464566929133" />
    <padshape layer="INNER" shape="round" width="45.590551181102" height="45.590551181102" />
    <padshape layer="BOTTOM" shape="round" width="45.590551181102" height="45.590551181102" />
    <padshape layer="BOTTOM_SOLDER_MASK" shape="round" width="53.464566929133" height="53.464566929133" />
  </padstyle>
  <padstyle name="s115.8_h75.8" surface="False" plated="True" isvia="False" nopaste="True" nomask="True" complex="False" holesize="29.842519685039">
    <padshape layer="TOP" shape="square" width="45.590551181102" height="45.590551181102" />
    <padshape layer="TOP_SOLDER_MASK" shape="square" width="53.464566929133" height="53.464566929133" />
    <padshape layer="INNER" shape="round" width="45.590551181102" height="45.590551181102" />
    <padshape layer="BOTTOM" shape="square" width="45.590551181102" height="45.590551181102" />
    <padshape layer="BOTTOM_SOLDER_MASK" shape="square" width="53.464566929133" height="53.464566929133" />
  </padstyle>
  <footprint name="DIP781W56P254L950H533Q8N" originx="0" originy="0" pickpointx="0" pickpointy="0">
    <pcbpin number="1" name="1" style="s115.8_h75.8" originx="-153.74015748031" originy="150" rotation="90" />
    <pcbpin number="2" name="2" style="c115.8_h75.8" originx="-153.74015748031" originy="49.999999999999" rotation="90" />
    <pcbpin number="3" name="3" style="c115.8_h75.8" originx="-153.74015748031" originy="-49.999999999999" rotation="90" />
    <pcbpin number="4" name="4" style="c115.8_h75.8" originx="-153.74015748031" originy="-150" rotation="90" />
    <pcbpin number="5" name="5" style="c115.8_h75.8" originx="153.74015748031" originy="-150" rotation="90" />
    <pcbpin number="6" name="6" style="c115.8_h75.8" originx="153.74015748031" originy="-49.999999999999" rotation="90" />
    <pcbpin number="7" name="7" style="c115.8_h75.8" originx="153.74015748031" originy="49.999999999999" rotation="90" />
    <pcbpin number="8" name="8" style="c115.8_h75.8" originx="153.74015748031" originy="150" rotation="90" />
    <line layer="TOP_PLACE_BOUND" originx="-195.11811023622" originy="209.84251968504" endx="195.11811023622" endy="209.84251968504" width="1.9685039370079" />
    <line layer="TOP_PLACE_BOUND" originx="195.11811023622" originy="209.84251968504" endx="195.11811023622" endy="-209.84251968504" width="1.9685039370079" />
    <line layer="TOP_PLACE_BOUND" originx="195.11811023622" originy="-209.84251968504" endx="-195.11811023622" endy="-209.84251968504" width="1.9685039370079" />
    <line layer="TOP_PLACE_BOUND" originx="-195.11811023622" originy="-209.84251968504" endx="-195.11811023622" endy="209.84251968504" width="1.9685039370079" />
    <line layer="TOP_ASSEMBLY" originx="-140" originy="200" endx="140" endy="200" width="3.9370078740157" />
    <line layer="TOP_ASSEMBLY" originx="140" originy="200" endx="140" endy="-200" width="3.9370078740157" />
    <line layer="TOP_ASSEMBLY" originx="140" originy="-200" endx="-140" endy="-200" width="3.9370078740157" />
    <line layer="TOP_ASSEMBLY" originx="-140" originy="-200" endx="-140" endy="200" width="3.9370078740157" />
    <line layer="TOP_ASSEMBLY" originx="-140" originy="150" endx="-89.999999999999" endy="200" width="3.9370078740157" />
    <line layer="TOP_SILKSCREEN" originx="-176.53543307086" originy="200" endx="140" endy="200" width="7.8740157480314" />
    <line layer="TOP_SILKSCREEN" originx="-140" originy="-200" endx="140" endy="-200" width="7.8740157480314" />
  </footprint>
  <symbol name="24FC1025-I_P" originx="0" originy="0">
    <line originx="200" originy="100" endx="800" endy="100" width="0" />
    <line originx="800" originy="-400" endx="800" endy="100" width="0" />
    <line originx="800" originy="-400" endx="200" endy="-400" width="0" />
    <line originx="200" originy="100" endx="200" endy="-400" width="0" />
    <sympin number="1" originx="200" originy="0" rotation="180" length="100" width="7.8740157480315" flipped="False">
      <text name="pinname" originx="230" originy="0" style="Default" rotation="0" justify="left" flipped="False" hidden="False" data="A0" />
      <text name="pindes" originx="140" originy="20" style="Default" rotation="0" justify="lowerright" flipped="False" hidden="False" data="1" />
    </sympin>
    <sympin number="2" originx="200" originy="-100" rotation="180" length="100" width="7.8740157480315" flipped="False">
      <text name="pinname" originx="230" originy="-100" style="Default" rotation="0" justify="left" flipped="False" hidden="False" data="A1" />
      <text name="pindes" originx="140" originy="-80" style="Default" rotation="0" justify="lowerright" flipped="False" hidden="False" data="2" />
    </sympin>
    <sympin number="3" originx="200" originy="-200" rotation="180" length="100" width="7.8740157480315" flipped="False">
      <text name="pinname" originx="230" originy="-200" style="Default" rotation="0" justify="left" flipped="False" hidden="False" data="A2" />
      <text name="pindes" originx="140" originy="-180" style="Default" rotation="0" justify="lowerright" flipped="False" hidden="False" data="3" />
    </sympin>
    <sympin number="4" originx="200" originy="-300" rotation="180" length="100" width="7.8740157480315" flipped="False">
      <text name="pinname" originx="230" originy="-300" style="Default" rotation="0" justify="left" flipped="False" hidden="False" data="VSS" />
      <text name="pindes" originx="140" originy="-280" style="Default" rotation="0" justify="lowerright" flipped="False" hidden="False" data="4" />
    </sympin>
    <sympin number="8" originx="800" originy="0" rotation="0" length="100" width="7.8740157480315" flipped="False">
      <text name="pinname" originx="770" originy="0" style="Default" rotation="0" justify="right" flipped="False" hidden="False" data="VCC" />
      <text name="pindes" originx="860" originy="20" style="Default" rotation="0" justify="lowerleft" flipped="False" hidden="False" data="8" />
    </sympin>
    <sympin number="7" originx="800" originy="-100" rotation="0" length="100" width="7.8740157480315" flipped="False">
      <text name="pinname" originx="770" originy="-100" style="Default" rotation="0" justify="right" flipped="False" hidden="False" data="WP" />
      <text name="pindes" originx="860" originy="-80" style="Default" rotation="0" justify="lowerleft" flipped="False" hidden="False" data="7" />
    </sympin>
    <sympin number="6" originx="800" originy="-200" rotation="0" length="100" width="7.8740157480315" flipped="False">
      <text name="pinname" originx="770" originy="-200" style="Default" rotation="0" justify="right" flipped="False" hidden="False" data="SCL" />
      <text name="pindes" originx="860" originy="-180" style="Default" rotation="0" justify="lowerleft" flipped="False" hidden="False" data="6" />
    </sympin>
    <sympin number="5" originx="800" originy="-300" rotation="0" length="100" width="7.8740157480315" flipped="False">
      <text name="pinname" originx="770" originy="-300" style="Default" rotation="0" justify="right" flipped="False" hidden="False" data="SDA" />
      <text name="pindes" originx="860" originy="-280" style="Default" rotation="0" justify="lowerleft" flipped="False" hidden="False" data="5" />
    </sympin>
  </symbol>
  <component name="24FC1025-I_P" designatorprefix="IC" height="210" footprint="DIP781W56P254L950H533Q8N">
    <comppin designator="1" sympin="1" pinswap="0" gateswap="0" gate="1" group="1" side="" type="Any" name="A0" />
    <comppin designator="2" sympin="2" pinswap="0" gateswap="0" gate="1" group="1" side="" type="Any" name="A1" />
    <comppin designator="3" sympin="3" pinswap="0" gateswap="0" gate="1" group="1" side="" type="Any" name="A2" />
    <comppin designator="4" sympin="4" pinswap="0" gateswap="0" gate="1" group="1" side="" type="Any" name="VSS" />
    <comppin designator="5" sympin="5" pinswap="0" gateswap="0" gate="1" group="1" side="" type="Any" name="SDA" />
    <comppin designator="6" sympin="6" pinswap="0" gateswap="0" gate="1" group="1" side="" type="Any" name="SCL" />
    <comppin designator="7" sympin="7" pinswap="0" gateswap="0" gate="1" group="1" side="" type="Any" name="WP" />
    <comppin designator="8" sympin="8" pinswap="0" gateswap="0" gate="1" group="1" side="" type="Any" name="VCC" />
    <attached_symbol gate="1" name="24FC1025-I_P" />
    <pinmap designator="1" footprintpin="1" />
    <pinmap designator="2" footprintpin="2" />
    <pinmap designator="3" footprintpin="3" />
    <pinmap designator="4" footprintpin="4" />
    <pinmap designator="5" footprintpin="5" />
    <pinmap designator="6" footprintpin="6" />
    <pinmap designator="7" footprintpin="7" />
    <pinmap designator="8" footprintpin="8" />
    <text name="Datasheet" originx="0" originy="0" style="Default" rotation="0" justify="" flipped="False" hidden="True" data="http://componentsearchengine.com/Datasheets/3/24FC1025-I_P.pdf" />
    <text name="Description" originx="0" originy="0" style="Default" rotation="0" justify="" flipped="False" hidden="True" data="Microchip 24FC1025-I/P Serial EEPROM Memory, 1Mbit, 400ns, 1.7  5.5 V 8-Pin PDIP" />
    <text name="Manufacturer_Name" originx="0" originy="0" style="Default" rotation="0" justify="" flipped="False" hidden="True" data="Microchip" />
    <text name="Manufacturer_Part_Number" originx="850" originy="200" style="Default" rotation="0" justify="left" flipped="False" hidden="False" data="24FC1025-I/P" />
    <text name="Mouser Part Number" originx="0" originy="0" style="Default" rotation="0" justify="" flipped="False" hidden="True" data="579-24FC1025-I/P" />
    <text name="Mouser Price/Stock" originx="0" originy="0" style="Default" rotation="0" justify="" flipped="False" hidden="True" data="https://www.mouser.co.uk/ProductDetail/Microchip-Technology/24FC1025-I-P?qs=3GBkE4%2F1xo6l3F81Pd0WoQ%3D%3D" />
    <text name="Arrow Part Number" originx="0" originy="0" style="Default" rotation="0" justify="" flipped="False" hidden="True" data="24FC1025-I/P" />
    <text name="Arrow Price/Stock" originx="0" originy="0" style="Default" rotation="0" justify="" flipped="False" hidden="True" data="https://www.arrow.com/en/products/24fc1025-ip/microchip-technology?region=nac" />
  </component>
</quadcept_library>
